<?xml version="1.0" encoding="UTF-8"?>
<project-private xmlns="http://www.netbeans.org/ns/project-private/1">
    <editor-bookmarks xmlns="http://www.netbeans.org/ns/editor-bookmarks/2" lastBookmarkId="0"/>
    <open-files xmlns="http://www.netbeans.org/ns/projectui-open-files/2">
        <group>
            <file>file:/C:/Users/Administrator/Documents/NetBeansProjects/DuAn1-haipro-123-patch-1/JavaApplication24/src/javaapplication24/view/DonGiaoView.java</file>
            <file>file:/C:/Users/Administrator/Documents/NetBeansProjects/DuAn1-haipro-123-patch-1/JavaApplication24/src/javaapplication24/view/MainJFrame.java</file>
        </group>
    </open-files>
</project-private>
